<?xml version="1.0" encoding="UTF-8"?>
<TEI.2>
	<teiHeader type="text" status="new">
		<fileDesc>
			<titleStmt>
				<title>An Arabic-English Lexicon</title>
				<title><foreign lang="ar">ى</foreign></title>
				<author>Edward William Lane</author>
				<funder n="org:USDeptEd">The U.S. Department of Education</funder>
				<funder n="org:MaxPlanck">The Max Planck Society</funder>
			</titleStmt>
			<publicationStmt>
				<publisher>Trustees of Tufts University</publisher>
				<pubPlace>Medford, MA</pubPlace>
				<authority>Perseus Project</authority>
				<availability status="free">
					<p>This text may be freely distributed, subject to the following restrictions:</p>
					<list>
						<item>You credit Perseus, as follows, whenever you use the document:
							<quote>Text provided by Perseus Digital Library, with funding from The U.S. Department of Education and The Max Planck Society.</quote>
						</item>
						<item>You leave this availability statement intact.</item>
						<item>You offer Perseus any modifications you make.</item>
					</list>
				</availability>
			</publicationStmt>
			<notesStmt>
				<note anchored="yes" place="unspecified">Additional XML cleanup by Alpheios Technical Services, LLC.</note>
				<note anchored="yes" place="unspecified">Major XML restructuring and content correction (proofreading) by Winfried Leclaire, quranic-research.net</note>
			</notesStmt>
			<sourceDesc>
				<listBibl>
					<biblStruct>
						<analytic/>
						<monogr>
							<title>An Arabic-English Lexicon</title>
							<imprint>
								<pubPlace>London</pubPlace>
								<publisher>Williams and Norgate</publisher>
								<date>1863</date>
							</imprint>
						</monogr>
					</biblStruct>
				</listBibl>
			</sourceDesc>
		</fileDesc>
		<encodingDesc>
			<refsDecl doctype="TEI.2">
				<state unit="entry"/>
			</refsDecl>
			<refsDecl doctype="TEI.2">
				<state n="chunk" unit="root"/>
				<state unit="entry"/>
			</refsDecl>
		</encodingDesc>
		<profileDesc>
			<langUsage default="NO">
				<language id="en">English</language>
				<language id="ar">Transliterated Arabic</language>
				<language id="la">Latin</language>
				<language id="gr">Greek</language>
				<language id="he">Hebrew</language>
			</langUsage>
		</profileDesc>
	</teiHeader>
	<text>
		<body>
			<div1 type="letter" key="Y" xml:id="Letter_Y"> 
				<head class="letter"><foreign lang="ar">Y</foreign></head> 
				<div2 type="root" key="ytm" xml:id="Root_ytm">
					<head class="root"><foreign lang="ar">ytm</foreign></head>
					<entry type="main" class="verb" key="Aytm" xml:id="ytm_4"> 
						<head class="entry">
							<itype>4.</itype> 
							{<foreign lang="ar">Aytm</foreign>}
						</head> 
						<sense n="A1" xml:id="ytm_4_A1">
							<foreign lang="ar">A^ayotamahu</foreign> 
							[<hi rend="ital">He made him fatherless</hi>]. (TA in art. <foreign lang="ar">Aym</foreign>.) 
							<ref target="#Root_Aym">See an ex. in art. <foreign lang="ar">Aym</foreign></ref>, 
							<ref target="#Aym_2">conj. 2</ref>.
						</sense>
					</entry> 
				</div2> 
				<div2 type="root" key="ytn" xml:id="Root_ytn">
					<head class="root"><foreign lang="ar">ytn</foreign></head>
					<entry type="main" key="yatonA" xml:id="yatonA"> 
						<head class="entry">
							<foreign lang="ar">yatonA</foreign>
						</head> 
						<sense n="A1" xml:id="yatonA_A1">
							<foreign lang="ar">waladatohu yatonA</foreign> 
							<hi rend="ital">She brought him forth feet foremost.</hi> (M.) 
							In Fresnel's three copies of the Aghánee, (see his “Seconde lettre sur l'Histoire des Arabes avant l'Islamisme,” Journal Asiatique, 3rd Series, no. 16,) erroneously written <foreign lang="ar">nynA</foreign>.
						</sense>
					</entry> 
				</div2> 
				<div2 type="root" key="yvm" xml:id="Root_yvm">
					<head class="root"><foreign lang="ar">yvm</foreign></head>
					<entry type="main" key="A_iyvamu" xml:id="A_iyvamu"> 
						<head class="entry">
							<foreign lang="ar">A_iyvamu</foreign>
						</head> 
						<sense n="A1" xml:id="A_iyvamu_A1">
							<foreign lang="ar">A_iyvamu</foreign> and <foreign lang="ar">tiyvamu</foreign> [for <foreign lang="ar">A=vamu</foreign> and <foreign lang="ar">taA^ovamu</foreign>]: 
							<ref target="#A^avima">see <foreign lang="ar">A^avima</foreign></ref>.
						</sense>
					</entry> 
				</div2> 
				<div2 type="root" key="yd" xml:id="Root_yd">
					<head class="root"><foreign lang="ar">yd</foreign></head>
					<entry type="main" key="yadN" xml:id="yadN"> 
						<head class="entry">
							<foreign lang="ar">yadN</foreign>
						</head> 
						<sense n="A1" xml:id="yadN_A1">
							<foreign lang="ar">yadN</foreign> The <hi rend="ital">arm, from the shoulder-joint to the extremities of the fingers.</hi> (Mṣb.)
						</sense> ― 
						<sense n="A2" xml:id="yadN_A2">
							[The <hi rend="ital">foreleg</hi> of a horse, &amp;c.]
						</sense> ― 
						<sense n="A3" xml:id="yadN_A3">
							<foreign lang="ar">yadN bayoDaA='u</foreign>: 
							<ref target="#A^aboyaDu">see <foreign lang="ar">A^aboyaDu</foreign></ref>, in two places, near the end of the paragraph.
						</sense> ― 
						<sense n="A4" xml:id="yadN_A4">
							<foreign lang="ar">yadN</foreign> A <hi rend="ital">sleeve:</hi> 
							<ref target="#*b_RQ1">see R. Q. 1</ref> 
							<ref target="#Root_*b">in art. <foreign lang="ar">*b</foreign></ref>.
						</sense> ― 
						<sense n="A5" xml:id="yadN_A5">
							<foreign lang="ar">yadu Alqawosi</foreign>: 
							<ref target="#rijolN">see <foreign lang="ar">rijolN</foreign></ref>, in two places.
						</sense> ― 
						<sense n="A6" xml:id="yadN_A6">
							<foreign lang="ar">TiwaAlu AlA^ayodi</foreign> for <foreign lang="ar">AlA^ayodiY</foreign>: 
							<ref target="#vamaAniyapN">see <foreign lang="ar">vamaAniyapN</foreign></ref>.
						</sense> ― 
						<sense n="A7" xml:id="yadN_A7">
							<foreign lang="ar">A^aEoTaAhu Eano yadK</foreign>, as occurring in the Ḳur, ix., 29, <hi rend="ital">He gave it in acknowledgement of the superiority of the receiver;</hi> that the power (<foreign lang="ar">yado</foreign>) of the latter was superior to that of the giver: or, <hi rend="ital">because of favour received;</hi> or, <hi rend="ital">from subjection and abasement:</hi> (M:) or, <hi rend="ital">from compulsion:</hi> (AʼObeyd, T:) or, <hi rend="ital">obediently:</hi> or, <hi rend="ital">walking with it; not riding, nor sending it:</hi> or, <hi rend="ital">in ready money.</hi> (TA.)
						</sense> ― 
						<sense n="A8" xml:id="yadN_A8">
							<foreign lang="ar">A^asolama EalaY yadaYo fulaAnK</foreign> <hi rend="ital">He became a Muslim by the advice and persuasion of such a one.</hi> (Marg. note in a copy of the Jámiʼ eṣ-Ṣagheer, on a trad. commencing <foreign lang="ar">mano A^asolama</foreign>.)
						</sense> ― 
						<sense n="A9" xml:id="yadN_A9">
							<foreign lang="ar">A^axa*t~u Einodahu yadFA</foreign>: 
							<ref target="#Root_Ax*">see art. <foreign lang="ar">Ax*</foreign></ref>.
						</sense> ― 
						<sense n="A10" xml:id="yadN_A10">
							<foreign lang="ar">lifulaAnK EinodiY yadN</foreign> <hi rend="ital">I owe such a one a benefit.</hi> 
						</sense> ―
						<sense n="A11" xml:id="yadN_A11">
							<foreign lang="ar">EalaY yadihi</foreign> <hi rend="ital">By his agency,</hi> or <hi rend="ital">means.</hi> See the corresponding expression in Hebrew, in Ps. lxiii. 11, Jer. xviii. 21, and Ezek. xxxv. 5, in the phrase “to pour out (the blood of) a person by means of the sword.”
						</sense> ― 
						<sense n="A12" xml:id="yadN_A12">
							<foreign lang="ar">walaA tuloquwA biA^ayodiykumo A_ilaY Alt~aholukapi</foreign> (Ḳur, ii. 191): 
							<ref target="#b">see <foreign lang="ar">b</foreign></ref> (used redundantly).
						</sense> ― 
						<sense n="A13" xml:id="yadN_A13">
							<foreign lang="ar">lA A=tiyhi yada Ald~ahori</foreign>, and <foreign lang="ar">yada Almusonadi</foreign> <hi rend="ital">I will not come to him,</hi> or <hi rend="ital">do it, ever; I will never do it.</hi> (IAạr, in I., voce <foreign lang="ar">musonadN</foreign>.) 
							<ref target="#A^abadN">See <foreign lang="ar">A^abadN</foreign></ref> 
							<ref target="#jadFA">and <foreign lang="ar">jadFA</foreign></ref>.
						</sense> ― 
						<sense n="A14" xml:id="yadN_A14">
							<foreign lang="ar">EalaY yadaYi Alxayori waAlyumoni</foreign>: 
							<ref target="#xayorN">see <foreign lang="ar">xayorN</foreign></ref>.
						</sense> ― 
						<sense n="A15" xml:id="yadN_A15">
							<foreign lang="ar">biEotuhu yadFA biyadK</foreign>: 
							<ref target="#naAjizN">see <foreign lang="ar">naAjizN</foreign></ref>.
						</sense> ― 
						<sense n="A16" xml:id="yadN_A16">
							You say, also, <foreign lang="ar">baAyaEotuhu yadFA biyadK</foreign>, the two nouns being only thus used, as a denotative of state, <hi rend="ital">I contracted a sale with him for ready money; i. q.</hi> <foreign lang="ar">biAlt~aEojiyli waAln~aqodi</foreign>. (Mgh.)
						</sense> ― 
						<sense n="A17" xml:id="yadN_A17">
							<foreign lang="ar">laka A^ano yakuwna ka*aA</foreign> [or <foreign lang="ar">yadaY~a</foreign>?] <foreign lang="ar">yadiY~a</foreign> is like <foreign lang="ar">EalaY~a lk An ykwn k*A</foreign>. (Aboo-Sahl El-Harawee, TA in art. <foreign lang="ar">Hbq</foreign>.)
						</sense> ― 
						<sense n="A18" xml:id="yadN_A18">
							<foreign lang="ar">A^utiYa EalaY yadi fulaAnK</foreign>: 
							<ref target="#A^ataY">see <foreign lang="ar">A^ataY</foreign></ref>.
						</sense> ― 
						<sense n="A19" xml:id="yadN_A19">
							<foreign lang="ar">A^aw~ala *iY yadayoni</foreign> and <foreign lang="ar">*aAti yadayoni</foreign>: 
							<ref target="#Root_*w">see art. <foreign lang="ar">*w</foreign></ref>.
						</sense> ― 
						<sense n="A20" xml:id="yadN_A20">
							<foreign lang="ar">taHota yadihi</foreign> <hi rend="ital">Under his authority.</hi> 
						</sense> ―
						<sense n="A21" xml:id="yadN_A21">
							<foreign lang="ar">yadN</foreign> 
							† <hi rend="ital">Generosity.</hi> (A, voce <foreign lang="ar">$aborN</foreign>)
						</sense>
					</entry> 
					<entry type="main" key="mayodiY~N" xml:id="mayodiY~N"> 
						<head class="entry">
							<foreign lang="ar">mayodiY~N</foreign>
						</head> 
						<sense n="A1" xml:id="mayodiY~N_A1">
							<foreign lang="ar">mayodiY~N</foreign> 
							A gazelle <hi rend="ital">whose fore-leg is caught in a snare:</hi> 
							<ref target="#marojuwlN">see <foreign lang="ar">marojuwlN</foreign></ref>.
						</sense>
					</entry> 
				</div2> 
				<div2 type="root" key="yrbE" xml:id="Root_yrbE">
					<head class="root"><foreign lang="ar">yrbE</foreign></head>
					<entry type="ref" key="AlyarobuwEiY~u" xml:id="AlyarobuwEiY~u"> 
						<head class="entry">
							<foreign lang="ar">AlyarobuwEiY~u</foreign>
						</head>
						<sense n="A1" xml:id="AlyarobuwEiY~u_A1">
							<foreign lang="ar">AljaAru AlyarobuwEiY~u</foreign>: 
							<ref target="#AlbaraAqi$iY~u">see <foreign lang="ar">AljAr AlbaraAqi$iY~u</foreign></ref>, 
							<ref target="#Root_brq$">in art. <foreign lang="ar">brq$</foreign></ref>.
						</sense>
					</entry> 
				</div2> 
				<div2 type="root" key="yrE" xml:id="Root_yrE">
					<head class="root"><foreign lang="ar">yrE</foreign></head>
					<entry type="main" key="yaraAEN" xml:id="yaraAEN"> 
						<head class="entry">
							<foreign lang="ar">yaraAEN</foreign>
						</head> 
						<sense n="A1" xml:id="yaraAEN_A1">
							<foreign lang="ar">yaraAEN</foreign> 
							<hi rend="ital">A firefly:</hi> 
							<ref target="#HubaAHibN">see <foreign lang="ar">HubaAHibN</foreign></ref>.
						</sense>
					</entry> 
				</div2> 
				<div2 type="root" key="yrq" xml:id="Root_yrq">
					<head class="root"><foreign lang="ar">yrq</foreign></head>
					<entry type="main" key="yaraqaAnN" xml:id="yaraqaAnN"> 
						<head class="entry">
							<foreign lang="ar">yaraqaAnN</foreign>
						</head> 
						<sense n="A1" xml:id="yaraqaAnN_A1">
							<foreign lang="ar">yaraqaAnN</foreign> 
							<hi rend="ital">Saffron.</hi> (Ṣgh, in TA, art. <foreign lang="ar">$Er</foreign>.)
						</sense> ― 
						<sense n="A2" xml:id="yaraqaAnN_A2">
							<ref target="#A^araqaAnN">See <foreign lang="ar">A^araqaAnN</foreign></ref>.
						</sense>
					</entry> 
				</div2> 
				<div2 type="root" key="yrm" xml:id="Root_yrm">
					<head class="root"><foreign lang="ar">yrm</foreign></head>
					<entry type="main" key="yaramiY~N" xml:id="yaramiY~N"> 
						<head class="entry">
							<foreign lang="ar">yaramiY~N</foreign>
						</head> 
						<sense n="A1" xml:id="yaramiY~N_A1">
							<foreign lang="ar">yaramiY~N</foreign> and <foreign lang="ar">A^ayoramiY~N</foreign> 
							<hi rend="ital">A sign-stone:</hi> 
							<ref target="#A_iramN">see <foreign lang="ar">A_iramN</foreign></ref>.
						</sense>
					</entry> 
				</div2> 
				<div2 type="root" key="yzn" xml:id="Root_yzn">
					<head class="root"><foreign lang="ar">yzn</foreign></head>
					<entry type="ref" key="yazaniY~N+A^ayozaniY~N" xml:id="yazaniY~N"> 
						<head class="entry">
							<foreign lang="ar">yazaniY~N</foreign> / 
							<foreign lang="ar">A^ayozaniY~N</foreign>
						</head> 
						<sense n="A1" xml:id="yazaniY~N_A1">
							<foreign lang="ar">yazaniY~N</foreign> 
							and <foreign lang="ar">A^ayozaniY~N</foreign>, applied to a spear: 
							<ref target="#A^azoA^aniY">see <foreign lang="ar">A^azoA^aniY</foreign></ref>, 
							<ref target="#Root_zA^n">in art. <foreign lang="ar">zA^n</foreign></ref>.
						</sense>
					</entry> 
				</div2> 
				<div2 type="root" key="y$m" xml:id="Root_y$m">
					<head class="root"><foreign lang="ar">y$m</foreign></head>
					<entry type="main" class="verb" key="Ay$m" xml:id="y$m_4"> 
						<head class="entry">
							<itype>4.</itype> 
							{<foreign lang="ar">Ay$m</foreign>}
						</head> 
						<sense n="A1" xml:id="y$m_4_A1">
							<foreign lang="ar">maA A^ayo$amahu</foreign> 
							<hi rend="ital">How unlucky!</hi> a vulgarism: 
							<ref target="#$A^m_4">see 4</ref> 
							<ref target="#Root_$A^m">in art. <foreign lang="ar">$A^m</foreign></ref>.
						</sense>
					</entry> 
				</div2> 
				<div2 type="root" key="yfE" xml:id="Root_yfE">
					<head class="root"><foreign lang="ar">yfE</foreign></head>
					<entry type="ref" key="yafaEN" xml:id="yafaEN"> 
						<head class="entry">
							<foreign lang="ar">yafaEN</foreign>
						</head>
						<sense n="A1" xml:id="yafaEN_A1">
							<foreign lang="ar">yafaEN</foreign>: 
							<ref target="#yaAfiEN">see <foreign lang="ar">yaAfiEN</foreign></ref> 
						</sense>
					</entry> 
					<entry type="ref" key="yafaEapN" xml:id="yafaEapN"> 
						<head class="entry">
							<foreign lang="ar">yafaEapN</foreign>
						</head>
						<sense n="A1" xml:id="yafaEapN_A1">
							<foreign lang="ar">yafaEapN</foreign>: 
							<ref target="#yaAfiEN">see <foreign lang="ar">yaAfiEN</foreign></ref> 
						</sense>
					</entry> 
					<entry type="ref" key="yafaAEN" xml:id="yafaAEN"> 
						<head class="entry">
							<foreign lang="ar">yafaAEN</foreign>
						</head>
						<sense n="A1" xml:id="yafaAEN_A1">
							<foreign lang="ar">yafaAEN</foreign>: 
							<ref target="#yaAfiEN">see <foreign lang="ar">yaAfiEN</foreign></ref> 
						</sense>
					</entry> 
					<entry type="main" key="yaAfiEN" xml:id="yaAfiEN"> 
						<head class="entry">
							<foreign lang="ar">yaAfiEN</foreign>
						</head> 
						<sense n="A1" xml:id="yaAfiEN_A1">
							<foreign lang="ar">yaAfiEN</foreign> 
							and <anchor type="arrow"><foreign lang="ar">yafaEapN↓</foreign></anchor> A boy <hi rend="ital">grown up,</hi> (Mṣb, TA,) <hi rend="ital">grown tall;</hi> (Ḥam, p. 354 et seq., Ḥar, p. 189;) 
							as also <anchor type="arrow"><foreign lang="ar">yafaAEN↓</foreign></anchor> 
							and <anchor type="arrow"><foreign lang="ar">yafaEN↓</foreign></anchor>. (Ḥam, ibid.) See an ex. voce <foreign lang="ar">xaboA^apN</foreign>; and <foreign lang="ar">$aAdixN</foreign> and <foreign lang="ar">muTab~ixN</foreign>.
						</sense>
					</entry> 
					<entry type="main" key="AlmuyaAfaEapi" xml:id="AlmuyaAfaEapi"> 
						<head class="entry">
							<foreign lang="ar">AlmuyaAfaEapi</foreign>
						</head> 
						<sense n="A1" xml:id="AlmuyaAfaEapi_A1">
							<foreign lang="ar">waladu AlmuyaAfaEapi</foreign> 
							[<hi rend="ital">The offspring of fornication,</hi> or <hi rend="ital">adultery</hi>].
						</sense>
					</entry> 
				</div2> 
				<div2 type="root" key="yqn" xml:id="Root_yqn">
					<head class="root"><foreign lang="ar">yqn</foreign></head>
					<entry type="main" class="verb" key="yqn" xml:id="yqn_1"> 
						<head class="entry">
							<itype>1.</itype> 
							{<foreign lang="ar">yqn</foreign>}
						</head>
						<sense n="A1" xml:id="yqn_1_A1">
							<foreign lang="ar">yaqinahu</foreign>, (Ṣ, Mṣb, Ḳ,) and <foreign lang="ar">yaqina bihi</foreign>; (Mṣb;) 
							and <anchor type="arrow"><foreign lang="ar">A^ayoqanahu↓</foreign></anchor>, (Ṣ, Ḳ,) 
							and <anchor type="arrow"><foreign lang="ar">Ayqn↓ bihi</foreign></anchor>; (Ḳ;) 
							and <anchor type="arrow"><foreign lang="ar">tayaq~anahu↓</foreign></anchor>; 
							and <anchor type="arrow"><foreign lang="ar">Aisotayoqanahu↓</foreign></anchor>, (Ṣ, Mṣb, Ḳ,) 
							and <anchor type="arrow"><foreign lang="ar">Astyqn↓ bihi</foreign></anchor>; (Ḳ;) all signify the same; (Ṣ;) <hi rend="ital">He knew it; he was,</hi> or <hi rend="ital">became, certain,</hi> or <hi rend="ital">sure,</hi> or <hi rend="ital">he made sure, of it;</hi> syn. <foreign lang="ar">Ealimahu</foreign>; (Mṣb, Ḳ;) <hi rend="ital">intuitively,</hi> and <hi rend="ital">inferentially;</hi> (Mṣb;) 
							[<ref target="#Elm_1">see 1</ref> 
							<ref target="#Root_Elm">in art. <foreign lang="ar">Elm</foreign></ref>;] 
							and <foreign lang="ar">taHaqaq~ahu</foreign>. (Ḳ.)
						</sense>
					</entry> 
					<entry type="ref" class="verb" key="Ayqn" xml:id="yqn_4"> 
						<head class="entry">
							<itype>4.</itype> 
							{<foreign lang="ar">Ayqn</foreign>}
						</head> 
						<sense n="A1" xml:id="yqn_4_A1">
							<foreign lang="ar">A^ayoqana</foreign> 
							<ref target="#yqn_1">see 1</ref>.
						</sense>
					</entry> 
					<entry type="ref" class="verb" key="tyq~n" xml:id="yqn_5"> 
						<head class="entry">
							<itype>5.</itype> 
							{<foreign lang="ar">tyq~n</foreign>}
						</head> 
						<sense n="A1" xml:id="yqn_5_A1">
							<foreign lang="ar">tayaq~ana</foreign> 
							<ref target="#yqn_1">see 1</ref>.
						</sense>
					</entry> 
					<entry type="ref" class="verb" key="Astyqn" xml:id="yqn_10"> 
						<head class="entry">
							<itype>10.</itype> 
							{<foreign lang="ar">Astyqn</foreign>}
						</head> 
						<sense n="A1" xml:id="yqn_10_A1">
							<foreign lang="ar">A_isotayoqana</foreign> 
							<ref target="#yqn_1">see 1</ref>.
						</sense>
					</entry> 
					<entry type="main" key="yaqiynN" xml:id="yaqiynN"> 
						<head class="entry">
							<foreign lang="ar">yaqiynN</foreign>
						</head> 
						<sense n="A1" xml:id="yaqiynN_A1">
							<foreign lang="ar">yaqiynN</foreign> is of the measure <foreign lang="ar">faEiylN</foreign> in the sense of the measure <foreign lang="ar">faAEilN</foreign>, signifying <hi rend="ital">Sure,</hi> or <hi rend="ital">certain,</hi> and <hi rend="ital">manifest.</hi> (Mṣb.)
						</sense> ― 
			<pb n="3064" xml:id="Page_3064"/>
						<sense n="A2" xml:id="yaqiynN_A2">
							And <hi rend="ital">knowledge,</hi> or <hi rend="ital">certainty;</hi> 
							[<ref target="#Zan~N">see <foreign lang="ar">Zan~N</foreign></ref>;] <hi rend="ital">instinctive</hi> and <hi rend="ital">inferential.</hi> (Mṣb.)
						</sense> ― 
						<sense n="A3" xml:id="yaqiynN_A3">
							<foreign lang="ar">Eayonu Alyaqiyni</foreign>: 
							<ref target="#EayonN">see <foreign lang="ar">EayonN</foreign></ref> (latter part).
						</sense> ― 
						<sense n="A4" xml:id="yaqiynN_A4">
							<foreign lang="ar">AlHq~u Alyaqiynu</foreign> and <foreign lang="ar">Haq~u Alyaqiyni</foreign>: 
							<ref target="#jaAmiEN">see <foreign lang="ar">jaAmiEN</foreign></ref>; where the two words are said to have the same meaning: and Bḍ and Jel in lvi. 95; in the latter of which, <foreign lang="ar">Alyqyn</foreign> in <foreign lang="ar">Haq~u Alyaqiyni</foreign> is expressly said to be an epithet: 
							see also Ḥam, p. 335.
						</sense>
					</entry> 
				</div2> 
				<div2 type="root" key="ym" xml:id="Root_ym">
					<head class="root"><foreign lang="ar">ym</foreign></head>
					<entry type="ref" class="verb" key="ym~m" xml:id="ym_2"> 
						<head class="entry">
							<itype>2.</itype> 
							{<foreign lang="ar">ym~m</foreign>}
						</head>
						<sense n="A1" xml:id="ym_2_A1">
							<foreign lang="ar">yam~ama</foreign>: 
							<ref target="#A^am~ama">see <foreign lang="ar">A^am~ama</foreign></ref>. 
							And <foreign lang="ar">yam~ama AlmariyDa</foreign> 
							and <foreign lang="ar">Almay~ita</foreign>: 
							<ref target="#Root_A^am~a">see Mgh in art. <foreign lang="ar">A^am~a</foreign></ref>.
						</sense>
					</entry> 
					<entry type="main" class="verb" key="tym~m" xml:id="ym_5"> 
						<head class="entry">
							<itype>5.</itype> 
							{<foreign lang="ar">tym~m</foreign>}
						</head>
						<sense n="A1" xml:id="ym_5_A1">
							<foreign lang="ar">tayam~ama</foreign>: 
							<ref target="#SaEiydN">see <foreign lang="ar">SaEiydN</foreign></ref> 
							<ref target="#Root_Am">and art. <foreign lang="ar">Am</foreign></ref>.
						</sense> ― 
						<sense n="A2" xml:id="ym_5_A2">
							<foreign lang="ar">tayam~ama yamaAmapF</foreign> 
							<hi rend="ital">i. q.</hi> <foreign lang="ar">qaSada qaSodFA</foreign>. (TA in art. <foreign lang="ar">Am</foreign>.)
						</sense>
					</entry> 
					<entry type="ref" key="Alyam~iy~apu" xml:id="Alyam~iy~apu"> 
						<head class="entry">
							<foreign lang="ar">Alyam~iy~apu</foreign>
						</head>
						<sense n="A1" xml:id="Alyam~iy~apu_A1">
							<foreign lang="ar">AlfariyDapu Alyam~iy~apu</foreign>: 
							<ref target="#Almu$ar~akapu">see <foreign lang="ar">Almu$ar~akapu</foreign></ref>.
						</sense>
					</entry> 
					<entry type="ref" key="yamaAmN" xml:id="yamaAmN"> 
						<head class="entry">
							<foreign lang="ar">yamaAmN</foreign>
						</head>
						<sense n="A1" xml:id="yamaAmN_A1">
							<foreign lang="ar">yamaAmN</foreign>: 
							<ref target="#HamaAmN">see <foreign lang="ar">HamaAmN</foreign></ref>.
						</sense>
					</entry> 
				</div2> 
				<div2 type="root" key="ymr" xml:id="Root_ymr">
					<head class="root"><foreign lang="ar">ymr</foreign></head>
					<entry type="main" key="yaAmurrN" xml:id="yaAmurrN"> 
						<head class="entry">
							<foreign lang="ar">yaAmurrN</foreign>
						</head> 
						<sense n="A1" xml:id="yaAmurrN_A1">
							<foreign lang="ar">yaAmurrN</foreign> 
							The <hi rend="ital">male of the</hi> <foreign lang="ar">A^ay~il</foreign> [or <hi rend="ital">mountain goat:</hi> not <foreign lang="ar">l</foreign>: <foreign lang="ar">A</foreign>]. (M, TT.)
						</sense>
					</entry> 
				</div2> 
				<div2 type="root" key="ymn" xml:id="Root_ymn">
					<head class="root"><foreign lang="ar">ymn</foreign></head>
					<entry type="main" class="verb" key="ymn" xml:id="ymn_1"> 
						<head class="entry">
							<itype>1.</itype> 
							{<foreign lang="ar">ymn</foreign>}
						</head>
						<sense n="A1" xml:id="ymn_1_A1">
							<foreign lang="ar">yumina</foreign>, (T, M, Ḳ,) and <foreign lang="ar">yamina</foreign>, (M, Ḳ,) <hi rend="ital">He was prosperous; fortunate; lucky.</hi> (T, M, Ḳ.)
						</sense>
					</entry> 
					<entry type="ref" class="verb" key="yAmn" xml:id="ymn_3"> 
						<head class="entry">
							<itype>3.</itype> 
							{<foreign lang="ar">yAmn</foreign>}
						</head>
						<sense n="A1" xml:id="ymn_3_A1">
							<foreign lang="ar">yaAmana</foreign>: 
							<ref target="#$A^m_3">see 3</ref> 
							<ref target="#Root_$A^m">in art. <foreign lang="ar">$A^m</foreign></ref> in two places.
						</sense>
					</entry> 
					<entry type="main" class="verb" key="Aymn" xml:id="ymn_4"> 
						<head class="entry">
							<itype>4.</itype> 
							{<foreign lang="ar">Aymn</foreign>}
						</head> 
						<sense n="A1" xml:id="ymn_4_A1">
							<foreign lang="ar">A^ayomanahu</foreign> 
							<hi rend="ital">He made it to incline towards the right:</hi> see an ex. voce <foreign lang="ar">sin~N</foreign> (near the end of the paragraph).
						</sense> ― 
						<sense n="A2" xml:id="ymn_4_A2">
							<foreign lang="ar">A^ayomana</foreign>: 
							<ref target="#A^a$oA^ama">see <foreign lang="ar">A^a$oA^ama</foreign></ref> in two places.
						</sense> ― 
						<sense n="A3" xml:id="ymn_4_A3">
							<foreign lang="ar">A^ayomanotu A_ibiliY</foreign>: 
							<ref target="#A^ayosarotu">see <foreign lang="ar">A^ayosarotu</foreign></ref>.
						</sense>
					</entry> 
					<entry type="main" class="verb" key="tym~n" xml:id="ymn_5"> 
						<head class="entry">
							<itype>5.</itype> 
							{<foreign lang="ar">tym~n</foreign>}
						</head> 
						<sense n="A1" xml:id="ymn_5_A1">
							<foreign lang="ar">tayam~ana</foreign> 
							<hi rend="ital">He was placed on his right side in the grave.</hi> (TA, voce <foreign lang="ar">EalobaY</foreign>.)
						</sense> ― 
						<sense n="A2" xml:id="ymn_5_A2">
							<foreign lang="ar">tayam~ana bihi</foreign> <hi rend="ital">i. q.</hi> <foreign lang="ar">tabar~aka bihi</foreign> [q. v.]. (Ṣ.)
						</sense> ― 
						<sense n="A3" xml:id="ymn_5_A3">
							<foreign lang="ar">fulaAnN yutayam~anu biraA^oyihi</foreign>, i. e. <foreign lang="ar">yutabar~aku bihi</foreign>, (T,) app. <hi rend="ital">One is fortunate in, or derives a blessing from, his counsel.</hi> 
						</sense> ―
						<sense n="A4" xml:id="ymn_5_A4">
							<hi rend="ital">He augured good by it,</hi> or <hi rend="ital">from it; or looked for good fortune, or a blessing, from it;</hi> syn. <foreign lang="ar">tab~araka bihi</foreign>: (Mgh, Mṣb, &amp;c:) opposed to <foreign lang="ar">ta$aA^'ama bihi</foreign>, in the Ḳ, art. <foreign lang="ar">Tyr</foreign>; and in Bḍ, xvii. 14; and well known.
						</sense> ― 
						<sense n="A5" xml:id="ymn_5_A5">
							<foreign lang="ar">tayam~ana bikalimapK</foreign> [<hi rend="ital">He augured good from the word</hi>], (Ḥar, p. 488,) and <foreign lang="ar">bikalaAmK</foreign>. (Mṣb. in art. <foreign lang="ar">fA^l</foreign>.)
						</sense>
					</entry> 
					<entry type="ref" class="verb" key="tyAmn" xml:id="ymn_6"> 
						<head class="entry">
							<itype>6.</itype> 
							{<foreign lang="ar">tyAmn</foreign>}
						</head>
						<sense n="A1" xml:id="ymn_6_A1">
							<foreign lang="ar">tayaAmana</foreign>: 
							<ref target="#ta$a~aAma">see <foreign lang="ar">ta$a~aAma</foreign></ref>.
						</sense> ― 
						<sense n="A2" xml:id="ymn_6_A2">
							<foreign lang="ar">tayaAmanuwA</foreign>: 
							<ref target="#ysr_3">see 3</ref> 
							<ref target="#Root_ysr">in art. <foreign lang="ar">ysr</foreign></ref>.
						</sense>
					</entry> 
					<entry type="main" key="yumonN" xml:id="yumonN"> 
						<head class="entry">
							<foreign lang="ar">yumonN</foreign>
						</head> 
						<sense n="A1" xml:id="yumonN_A1">
							<foreign lang="ar">yumonN</foreign> 
							<hi rend="ital">Prosperity; good fortune; good luck; auspiciousness;</hi> (T, Ṣ, M, Ḳ;) <hi rend="ital">contr. of</hi> <foreign lang="ar">$uw^omN</foreign>, (M,) 
							<ref target="#naHosN">and of <foreign lang="ar">naHosN</foreign></ref>. (L, art. <foreign lang="ar">sEd</foreign>.)
						</sense>
					</entry> 
					<entry type="ref" key="yumonapN+yumanN" xml:id="yumonapN"> 
						<head class="entry">
							<foreign lang="ar">yumonapN</foreign> / 
							<foreign lang="ar">yumanN</foreign>
						</head>
						<sense n="A1" xml:id="yumonapN_A1">
							<foreign lang="ar">yumonapN</foreign>: 
							its pl. seems to be <foreign lang="ar">yumanN</foreign>. 
							<ref target="#burodN">See <foreign lang="ar">burodN</foreign></ref>.
						</sense>
					</entry> 
					<entry type="main" key="Alyamiynu" xml:id="Alyamiynu"> 
						<head class="entry">
							<foreign lang="ar">Alyamiynu</foreign>
						</head> 
						<sense n="A1" xml:id="Alyamiynu_A1">
							<foreign lang="ar">Alyamiynu</foreign> 
							<hi rend="ital">The location that is on the right.</hi> 
						</sense> ―
						<sense n="A2" xml:id="Alyamiynu_A2">
							<foreign lang="ar">yamiynN</foreign> also, The <hi rend="ital">south.</hi> 
							<ref target="#saroHN">See <foreign lang="ar">saroHN</foreign></ref>.
						</sense> ― 
						<sense n="A3" xml:id="Alyamiynu_A3">
							<foreign lang="ar">yamiynu</foreign> also signifies <hi rend="ital">A covenant</hi> (Bḍ, and Jel in lxviii. 39) <hi rend="ital">confirmed by an oath.</hi> (Bḍ, ibid.) <foreign lang="ar">yamiynu A@ll~`hi</foreign> <hi rend="ital">The oath by attestation of God:</hi> 
							<ref target="#A^amo_D1">see <foreign lang="ar">A^ayomunu A@ll~`hi</foreign></ref>, 
							<ref target="#EahodN_A4">and <foreign lang="ar">Eahodu A@ll~`hi</foreign></ref>.
						</sense> ― 
						<sense n="A4" xml:id="Alyamiynu_A4">
							<foreign lang="ar">Halafotu yamiynFA</foreign> [<hi rend="ital">I swore,</hi> or <hi rend="ital">have sworn, an oath</hi>]. (T, Ṣ, M,) voce <foreign lang="ar">A^amiynN</foreign>, which see. 
							You say, <foreign lang="ar">yamiyna A@ll~`hi laA A^afoElu</foreign> 
							(as in some copies of the Ṣ [meaning, <foreign lang="ar">Halafotu yamiyna A@ll~`hi</foreign>]): 
							or <foreign lang="ar">yamiynu A@ll~`hi</foreign> 
							(as in other copies [meaning, <foreign lang="ar">yamiynu A@ll~`hi qasamiY</foreign>]). 
							See a similar form of oath voce <foreign lang="ar">HaraAmN</foreign>.
						</sense> ― 
						<sense n="A5" xml:id="Alyamiynu_A5">
							<foreign lang="ar">yamiynFA SaAdiqapF laA^afoEalan~a</foreign>: 
							<ref target="#zaEompN">see <foreign lang="ar">zaEompN</foreign></ref>.
						</sense>
					</entry> 
					<entry type="main" key="yamaAnK" xml:id="yamaAnK"> 
						<head class="entry">
							<foreign lang="ar">yamaAnK</foreign>
						</head> 
						<sense n="A1" xml:id="yamaAnK_A1">
							<foreign lang="ar">yamaAnK</foreign> 
							<hi rend="ital">A garment of Yemen:</hi> see a verse voce <foreign lang="ar">tasohiymN</foreign>.
						</sense>
					</entry> 
					<entry type="ref" key="yamaAniY~N+yamaAnuwna" xml:id="yamaAniY~N"> 
						<head class="entry">
							<foreign lang="ar">yamaAniY~N</foreign> / 
							<foreign lang="ar">yamaAnuwna</foreign>
						</head> 
						<sense n="A1" xml:id="yamaAniY~N_A1">
							<foreign lang="ar">yamaAniY~N</foreign> 
							and <foreign lang="ar">yamaAnuwna</foreign>: 
							<ref target="#tihaAmiY~N">see <foreign lang="ar">tihaAmiY~N</foreign></ref>.
						</sense>
					</entry> 
					<entry type="ref" key="yaAminN" xml:id="yaAminN"> 
						<head class="entry">
							<foreign lang="ar">yaAminN</foreign>
						</head>
						<sense n="A1" xml:id="yaAminN_A1">
							<foreign lang="ar">yaAminN</foreign>: 
							<ref target="#yaAsirN">see <foreign lang="ar">yaAsirN</foreign></ref>.
						</sense>
					</entry> 
					<entry type="main" key="A^ayomanu" xml:id="A^ayomanu"> 
						<head class="entry">
							<foreign lang="ar">A^ayomanu</foreign>
						</head> 
						<sense n="A1" xml:id="A^ayomanu_A1">
							<foreign lang="ar">A^ayomanu</foreign> 
							[The <hi rend="ital">right, as opposed to</hi> the <hi rend="ital">left;</hi> see Ḳur, xix. 53, xx. 82, and xxviii. 30:] <hi rend="ital">contr. of</hi> <foreign lang="ar">A^ayosaru</foreign>; and [in like manner] 
							<anchor type="arrow"><foreign lang="ar">mayomanapN↓</foreign></anchor> is <hi rend="ital">contr. of</hi> <foreign lang="ar">mayosarapN</foreign>. (Ṣ.)
						</sense> ― 
						<sense n="A2" xml:id="A^ayomanu_A2">
							<foreign lang="ar">A^ayomanu</foreign>, <hi rend="ital">contr. of</hi> <foreign lang="ar">A^a$oA^amu</foreign>, as signifying The <hi rend="ital">right,</hi> opposed to the <hi rend="ital">left:</hi> and as signifying <hi rend="ital">Lucky,</hi> or <hi rend="ital">auspicious:</hi> pl. <foreign lang="ar">A^ayaAminu</foreign>. 
							<ref target="#A^a$oA^amu">See <foreign lang="ar">A^a$oA^amu</foreign></ref>.
						</sense> ― 
						<sense n="A3" xml:id="A^ayomanu_A3">
							It is also used in the sense of <foreign lang="ar">yumonN</foreign>: 
							<ref target="#A^a$oA^amu">see <foreign lang="ar">A^a$oA^amu</foreign></ref>.
						</sense> ― 
						<sense n="A4" xml:id="A^ayomanu_A4">
							Also <hi rend="ital">More,</hi> and <hi rend="ital">most, lucky,</hi> or <hi rend="ital">auspicious,</hi> or <hi rend="ital">happy:</hi> 
							<ref target="#fy^l_8">see 8</ref> 
							<ref target="#Root_fy^l">in art. <foreign lang="ar">fy^l</foreign></ref>.
						</sense>
					</entry> 
					<entry type="main" key="A^ayomunN" xml:id="A^ayomunN"> 
						<head class="entry">
							<foreign lang="ar">A^ayomunN</foreign>
						</head>
						<sense n="A1" xml:id="A^ayomunN_A1">
							<foreign lang="ar">A^ayomunN</foreign>, used only in swearing, is a sing. noun, not a particle, n
							<ref target="#yamiynN">or pl. of <foreign lang="ar">yamiynN</foreign></ref>: and is derived from <foreign lang="ar">yumonN</foreign>. (Mughnee.)
						</sense>
					</entry> 
					<entry type="ref" key="AlA^ayaAminu" xml:id="AlA^ayaAminu"> 
						<head class="entry">
							<foreign lang="ar">AlA^ayaAminu</foreign>
						</head>
						<sense n="A1" xml:id="AlA^ayaAminu_A1">
							<foreign lang="ar">AlA^ayaAminu</foreign>: 
							<ref target="#vaAbirN">see an ex. of this word, voce <foreign lang="ar">vaAbirN</foreign></ref>.
						</sense>
					</entry> 
					<entry type="main" key="mayomanapN" xml:id="mayomanapN"> 
						<head class="entry">
							<foreign lang="ar">mayomanapN</foreign>
						</head> 
						<sense n="A1" xml:id="mayomanapN_A1">
							<foreign lang="ar">mayomanapN</foreign> 
							The <hi rend="ital">right wing</hi> of an army. 
							<ref target="#A^ayomanu">See <foreign lang="ar">A^ayomanu</foreign></ref>.
						</sense>
					</entry> 
					<entry type="main" key="mayomuwnN" xml:id="mayomuwnN"> 
						<head class="entry">
							<foreign lang="ar">mayomuwnN</foreign>
						</head> 
						<sense n="A1" xml:id="mayomuwnN_A1">
							<foreign lang="ar">mayomuwnN</foreign> 
							<hi rend="ital">Fortunate; happy;</hi> (T, M, MA, KL;) <hi rend="ital">blest.</hi> (T.) See an ex. voce <foreign lang="ar">EariykapN</foreign>.
						</sense>
					</entry> 
					<entry type="main" key="tayam~unN" xml:id="tayam~unN"> 
						<head class="entry">
							<foreign lang="ar">tayam~unN</foreign>
						</head> 
						<sense n="A1" xml:id="tayam~unN_A1">
							<foreign lang="ar">tayam~unN</foreign> The <hi rend="ital">having</hi> [or <hi rend="ital">receiving</hi>] a <hi rend="ital">blessing.</hi> (Ḳ L.)
						</sense>
					</entry> 
					<entry type="ref" key="tiyman~aA" xml:id="tiyman~aA"> 
						<head class="entry">
							<foreign lang="ar">tiyman~aA</foreign>
						</head> 
						<sense n="A1" xml:id="tiyman~aA_A1">
							<foreign lang="ar">tiyman~aA</foreign> 
							for <foreign lang="ar">taA^oman~aA</foreign>: 
							<ref target="#Amn_1_A2">see <foreign lang="ar">A^aminahu</foreign></ref>.
						</sense>
					</entry> 
				</div2> 
				<div2 type="root" key="ynm" xml:id="Root_ynm">
					<head class="root"><foreign lang="ar">ynm</foreign></head>
					<entry type="ref" key="yanamapN" xml:id="yanamapN"> 
						<head class="entry">
							<foreign lang="ar">yanamapN</foreign>
						</head>
						<sense n="A1" xml:id="yanamapN_A1">
							<foreign lang="ar">yanamapN</foreign>: 
							<ref target="#HalamapN">see <foreign lang="ar">HalamapN</foreign></ref>.
						</sense>
					</entry> 
				</div2> 
				<div2 type="root" key="ywm" xml:id="Root_ywm">
					<head class="root"><foreign lang="ar">ywm</foreign></head>
					<entry type="main" key="yawomN" xml:id="yawomN"> 
						<head class="entry">
							<foreign lang="ar">yawomN</foreign>
						</head> 
						<sense n="A1" xml:id="yawomN_A1">
							<foreign lang="ar">yawomN</foreign> 
							<hi rend="ital">A time, whether night or day;</hi> (Mṣb;) <hi rend="ital">time absolutely, whether night or not, little or not:</hi> this is the proper signification: (Kull, p. 390:) and <hi rend="ital">day,</hi> meaning the <hi rend="ital">period from the rising of the sun to its setting;</hi> (Lth, TA:) the <hi rend="ital">time when the sun is above the earth:</hi> this is the common conventional acceptation: (Kull, ubi suprà:) and the <hi rend="ital">period from the second</hi> [<hi rend="ital">or true</hi>] <hi rend="ital">dawn to sunset:</hi> (Mṣb, Kull:) this is the legal acceptation: (Kull:) and <hi rend="ital">a civil day:</hi> the <hi rend="ital">period of the revolution of the greatest firmament.</hi> (Kull)
						</sense> ― 
						<sense n="A2" xml:id="yawomN_A2">
							Also, <hi rend="ital">An accident,</hi> or <hi rend="ital">event;</hi> syn. <foreign lang="ar">kawonN</foreign> and <foreign lang="ar">kaAy^inapN</foreign>. Ex., <foreign lang="ar">niEoma A@loA^axu fulaAnN fiY Alyawomi A_i*aA nazala binaA</foreign> <hi rend="ital">Excellent is the brother, such a one, in the case of the accident, when it befalls us.</hi> (T.)
						</sense> ― 
						<sense n="A3" xml:id="yawomN_A3">
							<ref target="#nahaArN">See <foreign lang="ar">nahaArN</foreign></ref>.
						</sense> ― 
						<sense n="A4" xml:id="yawomN_A4">
							<foreign lang="ar">yaA^otiynaA yawoma yawoma</foreign> <hi rend="ital">He comes to us day after day,</hi> i. e., <hi rend="ital">every day:</hi> (Sharh esh-Shudhoor:) and <foreign lang="ar">yawoma yawomK</foreign>. (In a verse cited by IJ. in Mz, sect. on the <foreign lang="ar">Haqiyqap</foreign> and <foreign lang="ar">majaAz</foreign>.)
						</sense> ― 
						<sense n="A5" xml:id="yawomN_A5">
							<foreign lang="ar">yawomN</foreign> <hi rend="ital">A dayjourney,</hi> or <hi rend="ital">day's journey.</hi> 
						</sense> ―
						<sense n="A6" xml:id="yawomN_A6">
							<hi rend="ital">A day,</hi> as in our phrase “he won the day;” meaning <hi rend="ital">contest, fight,</hi> or <hi rend="ital">battle:</hi> I render it <hi rend="ital">a day</hi> [<hi rend="ital">of conflict</hi>].
						</sense> ― 
						<sense n="A7" xml:id="yawomN_A7">
							<foreign lang="ar">A^ay~aAmu AlEarabi</foreign> <hi rend="ital">The</hi> [<hi rend="ital">days,</hi> (agreeably with an English, as well as Arabian, usage,) meaning] <hi rend="ital">conflicts</hi> (<foreign lang="ar">waqaAy^iE</foreign>) <hi rend="ital">of the Arabs.</hi> (ISk, T.)
						</sense> ― 
						<sense n="A8" xml:id="yawomN_A8">
							<foreign lang="ar">Aibonu yawomihi</foreign> <hi rend="ital">He who thinks</hi> [<hi rend="ital">only of the present day,</hi>] <hi rend="ital">not of the morrow.</hi> (Er-Rághib. in TA, art. <foreign lang="ar">bnY</foreign>.)
						</sense> ― 
						<sense n="A9" xml:id="yawomN_A9">
							<foreign lang="ar">yawomu Al$~ak~i</foreign>: 
							<ref target="#$ak~N">see <foreign lang="ar">$ak~N</foreign></ref>.
						</sense> ― 
						<sense n="A10" xml:id="yawomN_A10">
							<foreign lang="ar">bayon AlA^ay~aAmi</foreign> and <foreign lang="ar">fiymaA bayona AlA^ay~aAmi</foreign>: 
							<ref target="#nadorapN">see <foreign lang="ar">nadorapN</foreign></ref>, in two places.
						</sense>
					</entry> 
					<entry type="main" key="yawomiy~apN" xml:id="yawomiy~apN"> 
						<head class="entry">
							<foreign lang="ar">yawomiy~apN</foreign>
						</head> 
						<sense n="A1" xml:id="yawomiy~apN_A1">
							<foreign lang="ar">yawomiy~apN</foreign> 
							<hi rend="ital">A day's wages.</hi> 
						</sense>
					</entry> 
					<entry type="main" key="muyaAwamapN" xml:id="muyaAwamapN"> 
						<head class="entry">
							<foreign lang="ar">muyaAwamapN</foreign>
						</head> 
						<sense n="A1" xml:id="muyaAwamapN_A1">
							<foreign lang="ar">muyaAwamapN</foreign> from <foreign lang="ar">Alyawomu</foreign> 
							is like <foreign lang="ar">mulaAyalapN</foreign> from <foreign lang="ar">All~ayolu</foreign>, and <foreign lang="ar">mu$aAharapN</foreign> from <foreign lang="ar">Al$~ahoru</foreign>, &amp;c. (TA, in art. <foreign lang="ar">rbE</foreign>.) 
							<ref target="#musaAwaEap">See <foreign lang="ar">musaAwaEap</foreign></ref>.
						</sense>
					</entry> 
				</div2> 
				<div2 type="root" key="yY" xml:id="Root_yY">
					<head class="root"><foreign lang="ar">yY</foreign></head>
					<entry type="main" class="verb" key="yY~Y" xml:id="yY_2"> 
						<head class="entry">
							<itype>2.</itype> 
							{<foreign lang="ar">yY~Y</foreign>}
						</head> 
						<sense n="A1" xml:id="yY_2_A1">
							<foreign lang="ar">yay~ayotu yaA='F HasanapF</foreign> 
							[<hi rend="ital">I wrote a beautiful</hi> <foreign lang="ar">Y</foreign>]. 
							(TA, in art. <foreign lang="ar">HY</foreign>.)
						</sense>
					</entry> 
				</div2> 
			</div1>
		</body>
	</text>
</TEI.2>